<?xml version="1.0" encoding="UTF-8"?>
<!DOCTYPE hibernate-configuration PUBLIC
        "-//Hibernate/Hibernate Configuration DTD 3.0//EN"
        "http://hibernate.org/dtd/hibernate-configuration-3.0.dtd">
<hibernate-configuration>
	<session-factory>

		<property name="hibernate.connection.driver_class">org.hsqldb.jdbcDriver</property>
		<property name="hibernate.connection.datasource">java:jboss/datasources/ExampleDS</property>
		<property name="hibernate.connection.username">sa</property>
		<property name="hibernate.connection.password">sa</property>
		<property name="hibernate.connection.pool_size">1</property>

		<property name="hibernate.current_session_context_class">thread</property>
		<property name="hibernate.show_sql">true</property>
		<property name="hibernate.dialect">org.hibernate.dialect.HSQLDialect</property>

		<property name="hibernate.current_session_context_class">thread</property>
		<property name="hibernate.transaction.jta.platform">JBossAS</property>
		<property name="hibernate.transaction.coordinator_class">jta</property>

		<property name="hibernate.c3p0.min_size">5</property>
		<property name="hibernate.c3p0.max_size">20</property>
		<property name="hibernate.c3p0.timeout">300</property>
		<property name="hibernate.c3p0.max_statements">50</property>
		<property name="hibernate.c3p0.idle_test_period">3000</property>


		<mapping resource="com/neo/hibernate/Employee.hbm.xml" />

	</session-factory>
</hibernate-configuration>