<?xml version="1.0" encoding="UTF-8"?>
<project xmlns="http://maven.apache.org/POM/4.0.0" xmlns:xsi="http://www.w3.org/2001/XMLSchema-instance" xsi:schemaLocation="http://maven.apache.org/POM/4.0.0 http://maven.apache.org/maven-v4_0_0.xsd">
  <parent>
    <artifactId>mysample</artifactId>
    <groupId>com.neo</groupId>
    <version>0.0.1-SNAPSHOT</version>
  </parent>
  <modelVersion>4.0.0</modelVersion>
  <artifactId>ejbs</artifactId>
  <packaging>ejb</packaging>
  <name>enterprise java beans</name>
  <build>
    <plugins>
      <plugin>
        <artifactId>maven-ejb-plugin</artifactId>
        <configuration>
          <configuration>
            <ejbVersion>3.0</ejbVersion>
          </configuration>
          <archive>
            <manifest>
              <addClasspath>true</addClasspath>
            </manifest>
          </archive>
        </configuration>
      </plugin>
      <plugin>
        <artifactId>maven-shade-plugin</artifactId>
        <executions>
          <execution>
            <phase>package</phase>
            <goals>
              <goal>shade</goal>
            </goals>
            <configuration>
              <transformers>
                <transformer>
                  <resource>META-INF/spring.handlers</resource>
                </transformer>
                <transformer>
                  <resource>META-INF/spring.schemas</resource>
                </transformer>
                <transformer>
                  <mainClass>com.mypackage.mainclass</mainClass>
                </transformer>
              </transformers>
            </configuration>
          </execution>
        </executions>
        <configuration>
          <filters>
            <filter>
              <artifact>*:*</artifact>
              <excludes>
                <exclude>META-INF/*.SF</exclude>
                <exclude>META-INF/*.DSA</exclude>
                <exclude>META-INF/*.RSA</exclude>
              </excludes>
            </filter>
          </filters>
        </configuration>
      </plugin>
    </plugins>
  </build>
  <dependencies>
    <dependency>
      <groupId>javax</groupId>
      <artifactId>javaee-api</artifactId>
      <version>7.0</version>
      <scope>provided</scope>
      <exclusions>
        <exclusion>
          <artifactId>javax.mail</artifactId>
          <groupId>com.sun.mail</groupId>
        </exclusion>
      </exclusions>
    </dependency>
    <dependency>
      <groupId>org.apache.openejb</groupId>
      <artifactId>openejb-core</artifactId>
      <version>4.7.5</version>
      <scope>test</scope>
      <exclusions>
        <exclusion>
          <artifactId>slf4j-jdk14</artifactId>
          <groupId>org.slf4j</groupId>
        </exclusion>
        <exclusion>
          <artifactId>mbean-annotation-api</artifactId>
          <groupId>org.apache.openejb</groupId>
        </exclusion>
        <exclusion>
          <artifactId>openejb-jpa-integration</artifactId>
          <groupId>org.apache.openejb</groupId>
        </exclusion>
        <exclusion>
          <artifactId>javaee-api</artifactId>
          <groupId>org.apache.openejb</groupId>
        </exclusion>
        <exclusion>
          <artifactId>commons-lang3</artifactId>
          <groupId>org.apache.commons</groupId>
        </exclusion>
        <exclusion>
          <artifactId>openejb-api</artifactId>
          <groupId>org.apache.openejb</groupId>
        </exclusion>
        <exclusion>
          <artifactId>openejb-loader</artifactId>
          <groupId>org.apache.openejb</groupId>
        </exclusion>
        <exclusion>
          <artifactId>openejb-javaagent</artifactId>
          <groupId>org.apache.openejb</groupId>
        </exclusion>
        <exclusion>
          <artifactId>openejb-jee</artifactId>
          <groupId>org.apache.openejb</groupId>
        </exclusion>
        <exclusion>
          <artifactId>openejb-jee-accessors</artifactId>
          <groupId>org.apache.openejb</groupId>
        </exclusion>
        <exclusion>
          <artifactId>commons-cli</artifactId>
          <groupId>commons-cli</groupId>
        </exclusion>
        <exclusion>
          <artifactId>commons-collections</artifactId>
          <groupId>commons-collections</groupId>
        </exclusion>
        <exclusion>
          <artifactId>activemq-ra</artifactId>
          <groupId>org.apache.activemq</groupId>
        </exclusion>
        <exclusion>
          <artifactId>activemq-broker</artifactId>
          <groupId>org.apache.activemq</groupId>
        </exclusion>
        <exclusion>
          <artifactId>activemq-jdbc-store</artifactId>
          <groupId>org.apache.activemq</groupId>
        </exclusion>
        <exclusion>
          <artifactId>geronimo-connector</artifactId>
          <groupId>org.apache.geronimo.components</groupId>
        </exclusion>
        <exclusion>
          <artifactId>geronimo-transaction</artifactId>
          <groupId>org.apache.geronimo.components</groupId>
        </exclusion>
        <exclusion>
          <artifactId>howl</artifactId>
          <groupId>org.objectweb.howl</groupId>
        </exclusion>
        <exclusion>
          <artifactId>geronimo-javamail_1.4_mail</artifactId>
          <groupId>org.apache.geronimo.javamail</groupId>
        </exclusion>
        <exclusion>
          <artifactId>xbean-finder-shaded</artifactId>
          <groupId>org.apache.xbean</groupId>
        </exclusion>
        <exclusion>
          <artifactId>xbean-reflect</artifactId>
          <groupId>org.apache.xbean</groupId>
        </exclusion>
        <exclusion>
          <artifactId>xbean-naming</artifactId>
          <groupId>org.apache.xbean</groupId>
        </exclusion>
        <exclusion>
          <artifactId>xbean-bundleutils</artifactId>
          <groupId>org.apache.xbean</groupId>
        </exclusion>
        <exclusion>
          <artifactId>hsqldb</artifactId>
          <groupId>org.hsqldb</groupId>
        </exclusion>
        <exclusion>
          <artifactId>commons-dbcp</artifactId>
          <groupId>commons-dbcp</groupId>
        </exclusion>
        <exclusion>
          <artifactId>commons-pool</artifactId>
          <groupId>commons-pool</groupId>
        </exclusion>
        <exclusion>
          <artifactId>swizzle-stream</artifactId>
          <groupId>org.codehaus.swizzle</groupId>
        </exclusion>
        <exclusion>
          <artifactId>quartz-openejb-shade</artifactId>
          <groupId>org.apache.openejb.shade</groupId>
        </exclusion>
        <exclusion>
          <artifactId>openwebbeans-impl</artifactId>
          <groupId>org.apache.openwebbeans</groupId>
        </exclusion>
        <exclusion>
          <artifactId>openwebbeans-spi</artifactId>
          <groupId>org.apache.openwebbeans</groupId>
        </exclusion>
        <exclusion>
          <artifactId>openwebbeans-ejb</artifactId>
          <groupId>org.apache.openwebbeans</groupId>
        </exclusion>
        <exclusion>
          <artifactId>openwebbeans-ee</artifactId>
          <groupId>org.apache.openwebbeans</groupId>
        </exclusion>
        <exclusion>
          <artifactId>openwebbeans-ee-common</artifactId>
          <groupId>org.apache.openwebbeans</groupId>
        </exclusion>
        <exclusion>
          <artifactId>openwebbeans-web</artifactId>
          <groupId>org.apache.openwebbeans</groupId>
        </exclusion>
        <exclusion>
          <artifactId>openjpa</artifactId>
          <groupId>org.apache.openjpa</groupId>
        </exclusion>
        <exclusion>
          <artifactId>bval-core</artifactId>
          <groupId>org.apache.bval</groupId>
        </exclusion>
        <exclusion>
          <artifactId>bval-jsr303</artifactId>
          <groupId>org.apache.bval</groupId>
        </exclusion>
        <exclusion>
          <artifactId>jansi</artifactId>
          <groupId>org.fusesource.jansi</groupId>
        </exclusion>
      </exclusions>
    </dependency>
    <dependency>
      <groupId>org.apache.logging.log4j</groupId>
      <artifactId>log4j-api</artifactId>
      <version>2.9.1</version>
      <scope>test</scope>
    </dependency>
    <dependency>
      <groupId>org.apache.logging.log4j</groupId>
      <artifactId>log4j-slf4j-impl</artifactId>
      <version>2.1</version>
      <scope>test</scope>
    </dependency>
  </dependencies>
  <properties>
    <camel.osgi.export.service>org.apache.camel.spi.ComponentResolver;component=ejb</camel.osgi.export.service>
    <camel-version>2.22.0</camel-version>
    <camel.osgi.export.pkg>org.apache.camel.component.ejb.*</camel.osgi.export.pkg>
    <log4j-slf4j-version>2.1</log4j-slf4j-version>
    <log4j-version>2.9.1</log4j-version>
    <xbean-asm5-shaded-version>4.5</xbean-asm5-shaded-version>
    <openejb-version>4.7.5</openejb-version>
    <junit-version>4.11</junit-version>
  </properties>
</project>
