<?xml version="1.0" encoding="UTF-8"?>
<beans xmlns="http://www.springframework.org/schema/beans"
    xmlns:camel="http://camel.apache.org/schema/spring"
    xmlns:xsi="http://www.w3.org/2001/XMLSchema-instance" xsi:schemaLocation="        http://www.springframework.org/schema/beans http://www.springframework.org/schema/beans/spring-beans.xsd        http://camel.apache.org/schema/spring http://camel.apache.org/schema/spring/camel-spring.xsd">
    <bean class="com.neo.middleware.GreaterImpl" id="mySpringBean"/>
    <bean class="org.apache.camel.component.ejb.EjbComponent" id="ejb">
        <property name="properties">
            <props>
                <prop key="java.naming.provider.url">localhost:1099</prop>
                <prop key="jboss.naming.client.ejb.context">true</prop>
                <!-- prop key="java.naming.security.principal">testuser</prop> <prop 
					key="java.naming.security.credentials">testuser</prop> -->
            </props>
        </property>
    </bean>
    <bean class="com.neo.transformer.RequestVO" id="requestVO"/>
    <bean class="com.neo.transformer.ResponseBO" id="requestBO"/>
    <camel:camelContext id="mysampleCamel" trace="false" xmlns="http://camel.apache.org/schema/spring">
        <dataFormats>
            <jaxb contextPath="com.neo.pojo" id="myJaxb" prettyPrint="true"/>
        </dataFormats>
        <camel:route id="_route1">
            <camel:from id="_from1" uri="direct:start"/>
            <process id="_process1" ref="requestVO"/>
            <camel:to id="_to1" uri="ejb:java:app/myejb/GreaterImpl?method=hello"/>
            <process id="_process2" ref="requestBO"/>
            <camel:to id="_to3" uri="stream:out"/>
            <marshal id="_marshal1" ref="myJaxb"/>
            <convertBodyTo id="_convertBodyTo1" type="java.lang.String"/>
            <camel:to id="_to2" uri="stream:out"/>
        </camel:route>
    </camel:camelContext>
</beans>
