<?xml version="1.0" encoding="UTF-8"?>
<beans xmlns="http://www.springframework.org/schema/beans"
	xmlns:camel="http://camel.apache.org/schema/spring"
	xmlns:xsi="http://www.w3.org/2001/XMLSchema-instance"
	xsi:schemaLocation="        http://www.springframework.org/schema/beans http://www.springframework.org/schema/beans/spring-beans.xsd        http://camel.apache.org/schema/spring http://camel.apache.org/schema/spring/camel-spring.xsd">
	<bean class="com.neo.middleware.GreaterImpl" id="mySpringBean" />
	<bean class="org.apache.camel.component.ejb.EjbComponent" id="ejb">
		<property name="properties">
			<props>
				<prop key="java.naming.provider.url">localhost:1099</prop>
				<prop key="jboss.naming.client.ejb.context">true</prop>
				<!-- prop key="java.naming.security.principal">testuser</prop> <prop 
					key="java.naming.security.credentials">testuser</prop> -->
			</props>
		</property>
	</bean>

	<bean class="com.neo.transformer.RequestVO" id="requestVO"></bean>

	<bean class="com.neo.transformer.ResponseBO" id="requestBO">
	</bean>

	<camel:camelContext id="mysampleCamel" trace="false"
		xmlns="http://camel.apache.org/schema/spring">

		<dataFormats>
			<jaxb id="myJaxb" prettyPrint="true"
				contextPath="com.neo.pojo" />
		</dataFormats>

		<camel:route id="_route1">
			<camel:from id="_from1" uri="direct:start" />
			<process ref="requestVO" />
			<camel:to id="_to1"
				uri="ejb:java:app/myejb/GreaterImpl?method=hello" />
			<process ref="requestBO" />
			<camel:to uri="stream:out" />
			<marshal ref="myJaxb"/>
			<convertBodyTo type="java.lang.String" />
			<camel:to id="_to2" uri="stream:out" />
		</camel:route>
	</camel:camelContext>
</beans>
