<?xml version="1.0" encoding="UTF-8"?>
<beans xmlns="http://www.springframework.org/schema/beans"
    xmlns:camel="http://camel.apache.org/schema/spring"
    xmlns:xsi="http://www.w3.org/2001/XMLSchema-instance" xsi:schemaLocation="        http://www.springframework.org/schema/beans http://www.springframework.org/schema/beans/spring-beans.xsd        http://camel.apache.org/schema/spring http://camel.apache.org/schema/spring/camel-spring.xsd">
   
   
   
       <bean id="mySpringBean" class="com.neo.middleware.GreaterImpl" />
    <bean class="org.apache.camel.component.ejb.EjbComponent" id="ejb">
        <property name="properties">
            <props>
                <prop key="java.naming.provider.url">localhost:1099</prop>         
   				 <prop key="jboss.naming.client.ejb.context">true</prop>
   				 <!-- prop key="java.naming.security.principal">testuser</prop>
   				 <prop key="java.naming.security.credentials">testuser</prop>
   				 -->
            </props>
        </property>
    </bean>
    
    <camel:camelContext id="mysampleCamel" trace="false" xmlns="http://camel.apache.org/schema/spring">
        <camel:route id="_route1">
            <camel:from id="_from1" uri="direct:start"/>
            <camel:to id="_to1" uri="ejb:java:app/myejb/GreaterImpl?method=hello"/>
            <camel:to id="_to2" uri="mock:result"/>
        </camel:route>
    </camel:camelContext>
    
    
</beans>
