<ejb-jar xmlns="http://java.sun.com/xml/ns/javaee">

  <!-- Notice this changes the global jndi name -->
  <module-name>myejb</module-name>

  <enterprise-beans>

    <session>
      <ejb-name>GreaterImplLocal</ejb-name>
      <business-local>com.neo.middleware.GreaterLocal</business-local>
      <ejb-class>com.neo.middleware.GreaterImpl</ejb-class>
      <session-type>Stateless</session-type>
      <transaction-type>Container</transaction-type>
      <ejb-local-ref>
        <ejb-ref-name>GreaterImplLocal</ejb-ref-name>
        <local>com.neo.middleware.GreaterLocal</local>
        <ejb-link>GreaterImplLocal</ejb-link>
      </ejb-local-ref>
    </session>


  </enterprise-beans>
</ejb-jar>